{
  "incart_accuracy": 0.4356052141527002,
  "incart_macro_f1": 0.31449758063751476,
  "incart_weighted_f1": 0.5272402129014239,
  "incart_mcc": 0.2757807645614964,
  "incart_kappa": 0.2357903167610239,
  "incart_roc_auc": 0.6855943112275088,
  "incart_pr_auc": 0.3686855048662347,
  "note_leads": "Chapman-Shaoxing 12 real leads \u2014 no tiling",
  "note_fs": "Resampled from native rec.fs (500Hz) to 100Hz",
  "cpsc2018_accuracy": 0.3156486146095718,
  "cpsc2018_macro_f1": 0.32794504428243765,
  "cpsc2018_weighted_f1": 0.37775625388922385,
  "cpsc2018_mcc": 0.1921522325610647,
  "cpsc2018_kappa": 0.15678647909345544,
  "cpsc2018_roc_auc": 0.6393178780645791,
  "cpsc2018_pr_auc": 0.4097779067283471,
  "cpsc2018_n_segments": 6352,
  "note_labels": "Max-risk across all Dx SNOMED-CT codes in header",
  "chapman_accuracy": 0.3929709176857466,
  "chapman_macro_f1": 0.33472695935477126,
  "chapman_weighted_f1": 0.38061791861907757,
  "chapman_mcc": 0.09001911686404344,
  "chapman_kappa": 0.08644068329976362,
  "chapman_roc_auc": 0.6757122160213426,
  "chapman_pr_auc": 0.364349988089656,
  "chapman_n_segments": 9731
}