{
  "Original": {
    "latency_ms": 14.353525999904377,
    "size_mb": 20.20552,
    "accuracy": 0.7292079207920792,
    "macro_f1": 0.6817245598213346
  },
  "Quantized": {
    "latency_ms": 15.347178999945754,
    "size_mb": 10.75072,
    "accuracy": 0.7282178217821782,
    "macro_f1": 0.6804378499403645
  },
  "Pruned": {
    "latency_ms": 14.818325999949593,
    "size_mb": 20.20552,
    "accuracy": 0.7262376237623762,
    "macro_f1": 0.6798458513401967
  },
  "TorchScript": {
    "latency_ms": 12.218991999980062,
    "size_mb": 20.20552,
    "accuracy": 0.7292079207920792,
    "macro_f1": 0.6817245598213346
  }
}