{
  "best_epoch": 27,
  "best_val_macro_f1": 0.8451473927428992,
  "train_samples": 39116,
  "val_samples": 6341,
  "test_samples": 6597,
  "source_composition_train": {
    "PTB-XL": 18545,
    "INCART": 9308,
    "CPSC2018": 4429,
    "Chapman": 6834
  },
  "ptbxl_test": {
    "split": "PTB-XL Test",
    "accuracy": 0.7292079207920792,
    "macro_f1": 0.6817245598213346,
    "weighted_f1": 0.7319591972090851,
    "mcc": 0.6122675712490758,
    "kappa": 0.6118092288320901,
    "roc_auc": 0.877059882182615,
    "pr_auc": 0.696503522638699,
    "per_class_f1": [
      0.8546158098396904,
      0.5248990578734859,
      0.616519174041298,
      0.7308641975308642
    ],
    "per_class_prec": [
      0.8588888888888889,
      0.4899497487437186,
      0.6238805970149254,
      0.7648578811369509
    ],
    "per_class_rec": [
      0.8503850385038504,
      0.5652173913043478,
      0.60932944606414,
      0.6997635933806147
    ],
    "n_samples": 2020
  },
  "incart_test": {
    "split": "INCART Test",
    "accuracy": 0.9669459962756052,
    "macro_f1": 0.6778947868371829,
    "weighted_f1": 0.9674929071168383,
    "mcc": 0.9396062275861738,
    "kappa": 0.9395629022076019,
    "roc_auc": 0.7510911042626263,
    "pr_auc": 0.7021173741568605,
    "per_class_f1": [
      0.9660194174757282,
      0.7534883720930232,
      0.9920713577799801,
      0.0
    ],
    "per_class_prec": [
      0.9716796875,
      0.7297297297297297,
      0.990108803165183,
      0.0
    ],
    "per_class_rec": [
      0.9604247104247104,
      0.7788461538461539,
      0.9940417080436942,
      0.0
    ],
    "n_samples": 2148
  },
  "cpsc2018_test": {
    "split": "CPSC2018 Test",
    "accuracy": 0.8896907216494845,
    "macro_f1": 0.7803387765581182,
    "weighted_f1": 0.8983807775647343,
    "mcc": 0.8323596985170411,
    "kappa": 0.8293727446838242,
    "roc_auc": 0.9439129923539459,
    "pr_auc": 0.7967571683237028,
    "per_class_f1": [
      0.8545994065281899,
      0.4,
      0.9213011542497377,
      0.9454545454545454
    ],
    "per_class_prec": [
      0.8372093023255814,
      0.30303030303030304,
      0.9733924611973392,
      0.9252669039145908
    ],
    "per_class_rec": [
      0.8727272727272727,
      0.5882352941176471,
      0.8745019920318725,
      0.966542750929368
    ],
    "n_samples": 970
  },
  "chapman_test": {
    "split": "Chapman Test",
    "accuracy": 0.8375599725839616,
    "macro_f1": 0.7937563317888039,
    "weighted_f1": 0.8317603999498173,
    "mcc": 0.7552068450219512,
    "kappa": 0.7542514178499851,
    "roc_auc": 0.9470402573016091,
    "pr_auc": 0.8629086947125202,
    "per_class_f1": [
      0.8691588785046729,
      0.8743994509265615,
      0.5307262569832403,
      0.9007407407407407
    ],
    "per_class_prec": [
      0.8611111111111112,
      0.8584905660377359,
      0.6129032258064516,
      0.8786127167630058
    ],
    "per_class_rec": [
      0.8773584905660378,
      0.8909090909090909,
      0.46798029556650245,
      0.9240121580547113
    ],
    "n_samples": 1459
  },
  "pooled_mix_test": {
    "split": "Pooled Mix Test (all 4 datasets)",
    "accuracy": 0.8541761406700015,
    "macro_f1": 0.8404677182357979,
    "weighted_f1": 0.8553498444716636,
    "mcc": 0.7990046834006709,
    "kappa": 0.7986860808780685,
    "roc_auc": 0.9551049084840039,
    "pr_auc": 0.8967347953175804,
    "per_class_f1": [
      0.9054812257229176,
      0.741948310139165,
      0.8704766658347891,
      0.8439646712463199
    ],
    "per_class_prec": [
      0.907439446366782,
      0.7084282460136674,
      0.8934426229508197,
      0.8464566929133859
    ],
    "per_class_rec": [
      0.9035314384151594,
      0.7787979966611018,
      0.848661800486618,
      0.8414872798434442
    ],
    "n_samples": 6597
  }
}