{
  "ptbxl_val": {
    "split": "PTB-XL Val (joint-trained model)",
    "accuracy": 0.712771327612317,
    "macro_f1": 0.6597332592111679,
    "weighted_f1": 0.7166083354677482,
    "mcc": 0.5815795109899414,
    "kappa": 0.5780360215206723,
    "roc_auc": 0.8834600910501492,
    "pr_auc": 0.6891105896805364,
    "per_class_f1": [
      0.8342133051742344,
      0.523038605230386,
      0.5569620253164557,
      0.7247191011235955
    ],
    "per_class_prec": [
      0.8522114347357066,
      0.4449152542372881,
      0.6875,
      0.7206703910614525
    ],
    "per_class_rec": [
      0.8169596690796277,
      0.6344410876132931,
      0.46808510638297873,
      0.7288135593220338
    ]
  },
  "incart_val": {
    "split": "INCART Val (joint-trained model)",
    "accuracy": 0.8815642458100559,
    "macro_f1": 0.47437052422863923,
    "weighted_f1": 0.8965808902372189,
    "mcc": 0.7804273788193684,
    "kappa": 0.7790848462393479,
    "roc_auc": 0.9339847117013206,
    "pr_auc": 0.5240344161070796,
    "per_class_f1": [
      0.8937893789378938,
      0.059880239520958084,
      0.9438124784557049,
      0.0
    ],
    "per_class_prec": [
      0.9160516605166051,
      0.056179775280898875,
      0.9553384508025122,
      0.0
    ],
    "per_class_rec": [
      0.8725834797891037,
      0.0641025641025641,
      0.9325613079019074,
      0.0
    ]
  },
  "pooled_val": {
    "split": "Pooled Joint Val (PTB-XL + INCART)",
    "accuracy": 0.809901414487784,
    "macro_f1": 0.7107663319405552,
    "weighted_f1": 0.8189130119688519,
    "mcc": 0.7096997446664125,
    "kappa": 0.7080497239455346,
    "roc_auc": 0.9301336746993444,
    "pr_auc": 0.7539082111515824,
    "per_class_f1": [
      0.8663751214771623,
      0.44329896907216493,
      0.8818760856977418,
      0.6515151515151515
    ],
    "per_class_prec": [
      0.8866235703630034,
      0.38324420677361853,
      0.9191309595654797,
      0.5903890160183066
    ],
    "per_class_rec": [
      0.8470308788598575,
      0.5256723716381418,
      0.8475236505286589,
      0.7267605633802817
    ]
  },
  "best_epoch": 4,
  "best_val_macro_f1": 0.7107663319405552,
  "train_samples": 29285,
  "val_samples": 4666,
  "ptbxl_train_samples": 18545,
  "incart_train_samples": 10740
}