{
  "ptbxl_train": {
    "split": "PTB-XL Train Split",
    "accuracy": 0.8881100026961445,
    "macro_f1": 0.8833283631304215,
    "weighted_f1": 0.8881710104184543,
    "mcc": 0.8444639741560567,
    "kappa": 0.8444387801001589,
    "roc_auc": 0.9789976609062414,
    "pr_auc": 0.9408633124105856,
    "per_class_f1": [
      0.9075415995705851,
      0.8285101822079314,
      0.891494002181025,
      0.9057676685621446
    ],
    "per_class_prec": [
      0.9034197168047021,
      0.8234354194407457,
      0.901571546732837,
      0.9097090019037258
    ],
    "per_class_rec": [
      0.9117012671879213,
      0.833647883526557,
      0.8816392558641143,
      0.9018603397142086
    ]
  },
  "ptbxl_val": {
    "split": "PTB-XL Val Split",
    "accuracy": 0.7632508833922261,
    "macro_f1": 0.71399541500175,
    "weighted_f1": 0.762714943509071,
    "mcc": 0.6484645184699857,
    "kappa": 0.6484517276620798,
    "roc_auc": 0.9034164125960338,
    "pr_auc": 0.7630926587860593,
    "per_class_f1": [
      0.8633316142341413,
      0.5449010654490106,
      0.6707503828483921,
      0.7769985974754559
    ],
    "per_class_prec": [
      0.8611111111111112,
      0.549079754601227,
      0.6759259259259259,
      0.7715877437325905
    ],
    "per_class_rec": [
      0.8655635987590486,
      0.540785498489426,
      0.6656534954407295,
      0.7824858757062146
    ]
  },
  "ptbxl_test": {
    "split": "PTB-XL Test Split",
    "accuracy": 0.7678217821782178,
    "macro_f1": 0.7219078349176252,
    "weighted_f1": 0.7668767704147998,
    "mcc": 0.6648927736021106,
    "kappa": 0.6647688469772297,
    "roc_auc": 0.9094165973317259,
    "pr_auc": 0.7647442405402138,
    "per_class_f1": [
      0.8777838131450298,
      0.5821325648414986,
      0.6696696696696697,
      0.7580452920143027
    ],
    "per_class_prec": [
      0.8669527896995708,
      0.5787965616045845,
      0.6904024767801857,
      0.7644230769230769
    ],
    "per_class_rec": [
      0.8888888888888888,
      0.5855072463768116,
      0.6501457725947521,
      0.75177304964539
    ]
  }
}